source_pool,source_note_order,required_fields_before_closeout,acceptable_proof,do_not_treat_as_final,candidate_rows
Bush Library NSR/NSD/H-Files directives,"George H.W. Bush Library; Bush Presidential Records; National Security Council; H-Files; NSR/NSD series; OA/ID; folder title; classification/handling; routing/version note","Series, OA/ID or other repository control identifier, folder title, directive title/date, signed or circulated status, distribution, classification, attachments, annotations","Released control copy, file-unit scan, Bush Library response, or staff-file copy that shows the source-note fields","FAS directive index, Public Papers mention, catalog title, NAID, or public URL alone","NSR-16; NSR 29/NSD 67; NSD 79"
Bush Library NSC/DC and NSC meeting packets,"George H.W. Bush Library; Bush Presidential Records; NSC; H-Files; NSC/DC Meetings or NSC Meetings Files; OA/ID; meeting folder title; classification/handling; meeting/provenance note","Meeting date, meeting title, time/place if visible, participants, folder title, OA/ID/local ID or other repository control identifier, classification, minutes/summary status, tabs, release/withdrawal status","Released meeting packet, MDR release, withdrawal sheets plus file-unit evidence, or Bush Library response naming withheld tabs","Reached PDF without checking withheld tabs, meeting number, NAID, or public URL without folder/source facts","NSC/DC 151; NSC0062; NSR-29 packet; covert-action meetings"
White House or NSC staff files,"George H.W. Bush Library; Bush Presidential Records; White House or NSC office/staff files; series; OA/ID or box/folder; document title; classification/handling; routing or annotation note","Office/staff file, series, box/folder or OA/ID, document identity, sender/recipient, routing, annotations, classification, attachments","Staff-file pull, scanned folder, routing slip, or repository response naming the file and document","Topic description, press text, secondary narrative, or source-pool guess","Chief-of-Mission letter; transition/admin files; PDB process follow-up"
Presidential Daily Diary and Daily Backup,"George H.W. Bush Library; Bush Presidential Records; White House Office of Appointments and Scheduling Files; Presidential Daily Diary and Presidential Daily Backup Materials; GB-WHASF-001; date or folder; support type","Exact date, diary or backup item, entry/page, time, location, participants, call status, backup-material type, classification if any; NAID is series locator only","Diary page, backup folder, Bush Library response, or Daily Record page paired with file pull","Treating diary entry as meeting minutes, telcon content, PDB content, substantive account, or final note supported only by NAID 186322","Daily Diary/Backup support"
Department of State Central Foreign Policy File and S/S files,"Department of State; Central Foreign Policy File or Executive Secretariat office/series; file/cable/document number; classification/handling; drafting/clearance/routing note","Office/series, document number or file, date, title, drafter, clearance, recipients, dissemination, classification, all-post or channel evidence","State file pull, cable copy, S/S circulation copy, dissemination record, or repository response","Published State text alone when archival copy may exist","Chief-of-Mission letter; State channel and dissemination records"
Department of State lot files,"Department of State; office or Executive Secretariat; records series; lot number; collection title; folder title; classification/handling; drafting/clearance/cross-reference note","Lot number, collection title, office/series, folder title, selected document, classification, date, drafter/recipient, clearance, relation to public statement if any","Folder pull, lot-file scan, NARA/State response, or FRUS source list plus document-level file review","Lot title alone, public speech, Dispatch item, or Current Policy pamphlet","State lot-file candidates"
CIA/PDB process records,"Central Intelligence Agency; office/record series; PDB Staff/CPAS file or control record; date/control number; classification/handling; briefing/distribution/tasking note","Office, series, record type, control number, date, briefer/control/tasking function, distribution, classification, release limits","CIA release, CIA MDR response, Bush Library cross-reference, or releasable process/control record","CIA public histories as selected-document source notes","Bush PDB process/control record"
OMB/DCI/congressional/intelligence budget files,"Originating agency or repository; office/record series; file or folder; document title/date; classification/handling; budget/review provenance","Agency/office, series, file/folder, document identity, budget years, NFIP/resource mechanism, congressional presentation or oversight context, classification","OMB/NSC/DCI file pull, Community Management Staff record, HPSCI/SSCI material, or official release naming source fields","Statute or press statement as substitute for internal budget-control record","NSC0062/NSR-29; NSR 29/NSD 67; budget fallback rows"
Public or printed fallback sources,"Publication or statute source; issue/date; page range or public law citation; no classification marking if true; fallback explanation if accepted","Publication title, issue/date, page range, public law number if statutory, search path showing archival copy unavailable, compiler fallback decision","Public text plus documented no-find/search path and accepted fallback decision","Public copy while archival control copy remains unsearched or fallback decision is unrecorded","Public State, Current Policy, Dispatch, statutes, and Public Papers"
